source_id,family,temporal_start_est,temporal_end_est,temporal_start_confidence,temporal_resolution,covers_pamlico_sound,covers_neuse_estuary,spatial_confidence,provides_bottom_data,bottom_data_confidence,min_overlap_with_env_core,overlap_confidence,years_in_overlap_window,notes
usgs_stations,forcing,1930,present,HIGH,daily,indirect (watershed gauge),indirect (watershed gauge),HIGH,N/A,N/A,full,HIGH,20+,Long record; no overlap limitation. Forcing variable only.
noaa_weather,forcing,1940,present,HIGH,daily,yes (regional stations),yes (regional stations),HIGH,N/A,N/A,full,HIGH,20+,Long record; no overlap limitation. Forcing variable only.
ferrymon,local_estuarine_state,2000,present,MEDIUM,sub-daily (transect),yes (ferry routes cross sound),partial (Cherry Branch-Minnesott route),MEDIUM,NO — surface only,HIGH,~2003-present,MEDIUM,~20,Surface-only is confirmed blocker for DEC-007. Good spatial transect coverage of open sound.
noaa_estuarine,local_estuarine_state,1995,present,LOW (varies by station),15-minute,UNCONFIRMED — may be near-inlet only,UNCONFIRMED,LOW,UNCONFIRMED,LOW,~2003-present if stations exist in area,LOW,unknown,Must verify stations are inside study area and have bottom sondes. Coverage may miss Pamlico Sound interior.
ty_github,local_estuarine_state,UNKNOWN,UNKNOWN,NONE,UNKNOWN,UNKNOWN,UNKNOWN,NONE,UNKNOWN,NONE,UNKNOWN,NONE,unknown,CRITICAL: Source cannot be located. All fields unknown. This is the single biggest uncertainty in the overlap audit.
fishery_independent,response,1987,present,HIGH,survey event (monthly),yes,yes,HIGH,N/A (response data),N/A,full since ~2003,HIGH,20+,Long record covering study area. Access requires formal NCDMF request.
oyster_monitoring,response,UNKNOWN,UNKNOWN,NONE,UNKNOWN (likely annual),UNCONFIRMED,UNCONFIRMED,LOW,N/A (response data),N/A,UNKNOWN,NONE,unknown,Provider and temporal range unconfirmed. Sparse temporal resolution expected.
sav_layers,response,UNKNOWN,UNKNOWN,NONE,EPISODIC (multi-year),UNCONFIRMED,UNCONFIRMED,LOW,N/A (mapped habitat),N/A,UNKNOWN,NONE,unknown,Episodic mapping campaigns with multi-year gaps. Cannot support event-scale or even reliable annual analysis.
habitat_layers,habitat_condition,static,static,HIGH,static,yes (NOAA coastal DEMs),yes,MEDIUM,N/A (depth measurement),N/A,always overlaps,HIGH,N/A,Static layers. No temporal overlap concern. Main risk is vintage and datum.
