mechanism_name,ecological_rationale,targets_affected,state_variables,forcing_variables,proxy_variables,response_pathway,temporal_scale,spatial_scale,hypotheses_supported,reviewer_risk,variable_status,source_notes
Temperature Stress / Heat Events,"Exceeding thermal limits increases metabolic demand and causes physiological collapse; Zostera marina is at southern limit in NC","SAV; Blue Crab; Finfish; Eastern Oyster","Surface and Bottom Water Temp (C)","Air temperature; solar radiation","Shallow bathymetry (heats faster); Calendar day","Acute defoliation (SAV); emigration/avoidance (mobile taxa); spat mortality",Daily extremes to weeks,Estuary-wide amplified in shallows,"H1; H2",Mismatch between surface satellite data and benthic exposure; unmodeled micro-refugia,approved,Gemini Day 2 mechanism matrix
Salinity Shifts / Freshening,"Rapid freshwater influx drops salinity below osmoregulatory limits causing shock in sessile taxa and spatial displacement in mobile taxa","Eastern Oyster; Blue Crab",Salinity (ppt/psu),"Basin precipitation; River discharge (cfs)","Upstream gauge stage; Distance to inlet","Benthic mortality (oysters); down-estuary movement (crabs)",Weeks to seasons,Sub-estuary to inlet gradients,"H1; H3",Fails to account for 3D vertical stratification (salt wedge) if only surface salinity used,approved,Gemini Day 2 mechanism matrix
Dissolved Oxygen Crashes (Hypoxia),"Low bottom DO restricts aerobic metabolism forcing mobile species out of deep channels into shallow margins causing spatial crowding","Blue Crab; Finfish",Bottom DO (mg/L),"Wind speed (mixing); Water temp","Stratification index; Surface DO (weak proxy)","Habitat avoidance; transient CPUE spikes in shallows; subsequent mortality",Episodic hours to weeks,"Deep channels; stratified sounds","H1; H2",Bottom DO is highly dynamic diurnally; daytime point-grabs routinely miss critical nighttime hypoxia,approved,Gemini Day 2 mechanism matrix
Turbidity / Light Limitation,"Suspended solids and CDOM attenuate PAR restricting maximum depth limit for benthic photosynthesis",Seagrass (SAV),"Turbidity (NTU); Secchi depth (m); Kd","Runoff volume; wind speed (resuspension)",Total Suspended Solids (TSS),"Photosynthetic failure; deep-edge bed retreat",Weeks to months,Shallow shoals and margins,"H1; B2","Disentangling sediment algae and CDOM from basic optical sensors is difficult; high risk of sensor biofouling",approved,Gemini Day 2 mechanism matrix
Degree-Days (Thermal Accumulation),"Cumulative thermal energy dictates phenological triggers growth rates molting windows and spawning migrations","Blue Crab; Eastern Oyster; Finfish",Cumulative Water Temp,Seasonal air temperature profiles,Julian day of year,"Growth rates; shift in survey catch timing",Seasonal to annual,Broad estuarine zones,B1,High risk of overfitting to simple seasonal autocorrelation; reviewer attacks on arbitrary base-temperature choices,approved,Gemini Day 2 mechanism matrix
Nutrient Loading,"Excess N/P fuels algal blooms which shade SAV and eventually decay triggering bottom hypoxia",All targets (indirectly),"Chl-a (ug/L); TN; TP","Land-use %; Ag runoff","Cumulative rainfall x Land-use","Eutrophication cascade -> Hypoxia -> Compression",Lagged weeks to months,Basin-wide,H3,Causal chain is too long/lagged for dynamic weekly modeling; nutrient grab samples are temporally sparse,rejected,Gemini Day 2; rejected per ontology — point-sampled nutrients too sparse for weekly dynamic modeling
Watershed / Runoff Forcing,"Upstream discharge controls estuarine flushing delivering fresh water that alters internal estuarine state",All targets,"River discharge (cfs)","Basin precipitation; storm events",Antecedent rainfall,"Alters estuarine state -> physical stress",Event-based lagged days,Watershed to estuary,H3,Predicting biological responses directly from raw rainfall without routing via estuarine state will be flagged as spurious,approved,Gemini Day 2 mechanism matrix
Sediment / Burial Events,"Extreme storm events deposit thick sediment layers mechanically smothering benthic habitats","Eastern Oyster; SAV","Bottom shear stress; Sedimentation rate","Hurricane tracks; peak streamflow",Maximum sustained wind,"Physical smothering; mass mortality",Acute hours to days,"Fetch-exposed areas; river mouths",B2,"High-resolution continuous spatial data on dynamic sediment deposition does not exist across NC estuaries",deferred,"Gemini Day 2; deferred per reviewer recommendation — measurement data insufficient for v1"
Habitat Compression (Synthesis),"Concurrent suboptimal conditions restrict usable 3D volume forcing density-dependent stress","Blue Crab; Finfish","Bivariate state (e.g. Temp x DO)","(Derived from state variables)","Safe area %; Max consecutive unsafe days","Spatial exclusion; crowding; artificially spiked catch rates; eventual crash",Multi-day to seasonal,Estuary-wide or specific strata,"H1; H2","Circularity risk — threshold definitions must be literature-backed prior to modeling; hard to measure volumetrically",approved,Gemini Day 2 mechanism matrix; core concept for central claim
